relative_time,AccX,AccY,AccZ
0,-5.442130088806152,-10.326399803161621,-0.35195472836494446
39,-5.437341690063477,,
40,,-7.867505073547363,-0.2992812395095825
80,-4.249793529510498,-5.50677490234375,-1.0798066854476929
121,-3.486027956008911,-5.501986026763916,-1.1085376739501953
160,-4.245005130767822,-8.736618041992188,
161,,,-2.4349522590637207
200,-4.285707473754883,-11.43014907836914,-2.4421348571777344
240,-2.648040294647217,-11.413389205932617,-2.3894612789154053
281,-2.640857696533203,-11.473245620727539,-2.3918557167053223
321,-1.798081636428833,-11.478034019470215,-2.341576337814331
361,-1.7813218832015991,-11.466062545776367,-1.460492491722107
404,-1.7645621299743652,-11.456485748291016,-1.431761384010315
441,-1.7597737312316895,-11.427754402160645,-1.40542471408844
481,-1.7669564485549927,-11.37986946105957,-1.364722490310669
521,-1.798081636428833,-11.37986946105957,-0.466878741979599
561,-2.6624059677124023,-11.37986946105957,-0.41659948229789734
602,-2.7126851081848145,-11.439725875854492,0.47166723012924194
641,-3.866713523864746,,
642,,-12.416580200195312,0.5195522308349609
682,-3.9074158668518066,-12.459676742553711,0.5243407487869263
722,-4.663998603820801,,
723,,-12.488407135009766,0.5171579718589783
762,-4.623296737670898,-12.440522193908691,0.5554659962654114
802,-3.730241298675537,-11.241003036499023,0.5961682200431824
842,-3.711087226867676,-10.31682300567627,1.364722490310669
883,-3.684750556945801,-9.404613494873047,1.388664960861206
923,-3.6464426517486572,-8.525923728942871,1.429367184638977
962,-2.9353504180908203,-7.704696178436279,2.157219171524048
1003,-2.9257733821868896,-7.632868766784668,2.1931328773498535
1043,-2.9784469604492188,-7.687936305999756,2.1141226291656494
1085,-3.9074158668518066,-7.74539852142334,2.094968557357788
1123,-3.9122042655944824,-8.56902027130127,1.1875479221343994
1163,-3.9600894451141357,-9.411796569824219,1.1396629810333252
1205,-3.9983973503112793,-9.469258308410645,0.4261764883995056
1244,-4.003185749053955,-9.507566452026367,0.4213879704475403
1285,-4.000791549682617,-9.536297798156738,0.4118109941482544
1324,-3.9864261150360107,-9.536297798156738,0.3878684937953949
1364,-3.9720606803894043,-9.500383377075195,0.34477198123931885
1404,-3.9720606803894043,,
1405,,-9.464469909667969,-0.3735029697418213
1444,-3.9576950073242188,-9.435738563537598,-0.371108740568161
1488,-3.9409353733062744,,
1489,,-9.42137336730957,-0.35913747549057007
1525,-3.921781301498413,,
1526,,-9.418978691101074,-0.3423777222633362
1565,-3.9337525367736816,-9.447710037231445,-0.3184352219104767
1604,-3.9648778438568115,-10.165985107421875,
1605,,,-0.2920984923839569
1645,-3.9960031509399414,-10.898625373840332,-0.2609732449054718
1685,-4.007974147796631,-11.638448715209961,
1686,,,0.591379702091217
1724,-3.9960031509399414,,
1725,,-11.693516731262207,0.6296877264976501
1765,-3.9648778438568115,-12.466858863830566,
1766,,,0.6416589617729187
1805,-3.9313583374023438,-12.471647262573242,0.6153222322463989
1845,-3.984031915664673,-12.464465141296387,
1846,,,0.5937739610671997
1888,-4.0199456214904785,-12.421368598937988,0.5650429725646973
1926,-4.027128219604492,-11.384657859802246,0.5315234661102295
1965,-4.005579948425293,-10.50357437133789,0.509975254535675
2005,-3.984031915664673,-9.536297798156738,0.5051867365837097
2046,-3.9576950073242188,-8.535500526428223,0.4980039894580841
2086,-3.9313583374023438,-7.795677661895752,
2087,,,0.5123694539070129
2126,-3.921781301498413,,
2127,,-7.73582124710083,0.5530717372894287
2166,-3.9122042655944824,-6.660803318023682,
2167,,,1.3862706422805786
2206,-3.8930504322052,-6.6368608474731445,1.4509154558181763
2247,-3.9026272296905518,-7.5059733390808105,1.4221844673156738
2288,-3.9313583374023438,-7.570618152618408,1.3862706422805786
2327,-3.924175500869751,-8.312835693359375,1.3527511358261108
2369,-3.94572377204895,,
2370,,-9.071812629699707,0.6009567379951477
2407,-3.9960031509399414,-9.864309310913086,0.5794084668159485
2447,-4.024734020233154,-9.876280784606934,0.543494701385498
2488,-4.031916618347168,-9.87867546081543,0.509975254535675
2527,-4.0462822914123535,-9.87867546081543,0.4740614891052246
2571,-4.036705493927002,-9.85712718963623,-0.22745373845100403
2608,-4.012763023376465,-9.811635971069336,-0.24421349167823792
2648,-3.9888203144073486,-9.768539428710938,-0.2609732449054718
2688,-3.97684907913208,-9.031110763549805,-0.2777329981327057
2728,-3.9672720432281494,-9.031110763549805,-0.2944927513599396
2768,-3.9409353733062744,-9.043082237243652,-0.30406972765922546
2809,-3.9145984649658203,-9.074207305908203,-0.31364673376083374
2848,-3.8858675956726074,-9.124485969543457,-0.31364673376083374
2888,-3.8571364879608154,,
2889,,-10.130071640014648,-0.30406972765922546
2929,-3.8595309257507324,-10.175561904907227,-0.30406972765922546
2972,-3.845165252685547,-10.99439525604248,-0.2992812395095825
3009,-3.816434383392334,-11.030309677124023,-0.2513962388038635
3049,-3.7805206775665283,-11.06622314453125,-0.21787674725055695
3089,-3.047880172729492,-11.099742889404297,-0.17717449367046356
3129,-3.023937702178955,-11.135656356811523,-0.1580204963684082
3170,-3.028726100921631,-11.152416229248047,-0.16999174654483795
3210,-3.047880172729492,-11.152416229248047,-0.1508377492427826
3250,-3.0718226432800293,-11.118896484375,
3251,,,-0.13647224009037018
3290,-3.0885822772979736,-10.388649940490723,-0.11971249431371689
3330,-3.102947950363159,-10.328794479370117,-0.08858724683523178
3372,-3.1244962215423584,-9.21546745300293,-0.047884996980428696
3410,-3.1532270908355713,-9.160400390625,0.7948909401893616
3451,-3.186746597290039,-8.2027006149292,0.8212277293205261
3490,-3.2250545024871826,-8.147632598876953,0.8667184710502625
3531,-3.2609684467315674,-7.110922336578369,1.8076586723327637
3572,-3.97684907913208,-7.063037395477295,1.8435723781585693
3611,-3.9888203144073486,-6.299271583557129,1.8890631198883057
3655,-4.0462822914123535,-6.332790851593018,
3656,,,3.656019687652588
3691,-5.348754405975342,,
3692,,-8.217065811157227,3.708693027496338
3731,-5.35114860534668,-8.23382568359375,
3732,,,3.708693027496338
3772,-5.322417736053467,-8.248190879821777,3.658413887023926
3812,-5.320023059844971,-9.124485969543457,2.559453248977661
3852,-5.334388732910156,-9.174765586853027,2.4972026348114014
3892,-5.310446262359619,-9.201102256774902,1.4245786666870117
3932,-5.2721381187438965,-9.237015724182129,1.3766937255859375
3973,-5.238618850708008,-9.275323867797852,0.6368704438209534
4012,-4.410208225250244,-9.292083740234375,0.6105337142944336
4052,-4.3719000816345215,,
4053,,-9.29687213897705,0.5770142078399658
4093,-4.326409339904785,-9.294478416442871,0.5387062430381775
4134,-4.30007266998291,-9.292083740234375,-0.2609732449054718
4173,-4.271341800689697,-9.2872953414917,-0.2777329981327057
4213,-4.245005130767822,-9.299266815185547,-0.28252148628234863
4254,-4.211485385894775,-9.332786560058594,-0.2705502510070801
4293,-4.19472599029541,-10.163590431213379,-0.24421349167823792
4333,-4.2066969871521,-10.228235244750977,-0.2226652354001999
4373,-4.218668460845947,,
4374,,-11.523524284362793,-0.1891457438468933
4413,-4.197120189666748,-11.583380699157715,
4414,,,0.5746199488639832
4454,-4.142052173614502,-12.399820327758789,0.5626487135887146
4494,-3.160409927368164,-12.40939712524414,0.509975254535675
4538,-3.186746597290039,-12.399820327758789,
4539,,,-0.3256179988384247
4574,-3.213083267211914,-12.35672378540039,-0.3304064869880676
4614,-3.2322373390197754,,
4615,,-11.437332153320312,-0.34477198123931885
4655,-3.2298431396484375,-10.68314266204834,-0.34477198123931885
4694,-3.210689067840576,-9.816424369812012,
4696,,,-0.323223739862442
4737,-3.1987178325653076,-8.95210075378418,-0.28970423340797424
4775,-3.1987178325653076,-8.88027286529541,-0.24900199472904205
4815,-3.210689067840576,-7.577800750732422,0.7757369875907898
4855,-3.2370259761810303,-7.517944812774658,0.8212277293205261
4896,-3.2801222801208496,-6.5003886222839355,0.8715069890022278
4939,-4.276130199432373,-6.517148017883301,3.0406973361968994
4975,-5.202704906463623,-8.272133827209473,3.105342149734497
5015,-5.195522308349609,,
5016,,-8.284104347229004,3.100553512573242
5055,-5.1620025634765625,-8.3080472946167,3.05027437210083
5096,-5.150031566619873,-9.44292163848877,1.9201884269714355
5138,-5.145243167877197,-9.49320125579834,1.8651206493377686
5177,-5.114117622375488,-9.519537925720215,0.8619299530982971
5216,-5.068626880645752,-9.543479919433594,
5217,,,0.8260161876678467
5257,-4.161206245422363,-9.550662994384766,0.7853139638900757
5297,-4.122898101806641,-9.531508445739746,0.08858724683523178
5339,-4.09177303314209,-9.505171775817871,0.07422174513339996
5377,-4.063042163848877,-9.476441383361816,0.055067747831344604
5417,-4.036705493927002,,
5421,,-9.454893112182617,
5422,,,0.023942498490214348
5457,-4.005579948425293,-9.454893112182617,-0.007182749919593334
5497,-3.97684907913208,-9.47165298461914,
5498,,,-0.026336748152971268
5538,-3.9624836444854736,-9.512354850769043,
5539,,,-0.040702249854803085
5578,-3.979243278503418,-10.515545845031738,-0.052673496305942535
5621,-4.003185749053955,-11.255369186401367,-0.045490749180316925
5658,-4.015157222747803,-11.315224647521973,-0.009576999582350254
5698,-3.9936087131500244,-12.184337615966797,0.016759749501943588
5738,-3.9409353733062744,-12.196309089660645,0.026336748152971268
5778,-3.0885822772979736,-12.198702812194824,0.031125249341130257
5821,-3.136467456817627,-12.196309089660645,0.009576999582350254
5858,-3.1819581985473633,-12.167577743530273,-0.007182749919593334
5898,-3.210689067840576,-11.39902400970459,
5899,,,-0.033519499003887177
5938,-3.217871904373169,-10.654412269592285,
5939,,,-0.038307998329401016
5978,-3.210689067840576,,
5979,,-9.821212768554688,-0.026336748152971268
6021,-3.186746597290039,,
6022,,-8.906609535217285,-0.009576999582350254
6059,-3.1747753620147705,-8.142844200134277,0.021548248827457428
6099,-3.1747753620147705,-8.07819938659668,0.06703899800777435
6139,-3.186746597290039,-6.8523430824279785,
6140,,,1.022344708442688
6179,-3.213083267211914,-6.804458141326904,1.063046932220459
6222,-3.268151044845581,-6.7733330726623535,2.317633867263794
6259,-4.338380813598633,-7.8627166748046875,2.3631246089935303
6300,-4.359929084777832,,
6301,,-8.655213356018066,2.403826951980591
6340,-4.374294757843018,-8.657608032226562,2.4445290565490723
6380,-4.355140686035156,-8.65042495727539,2.422980785369873
6421,-4.36232328414917,-8.72464656829834,2.3559420108795166
6460,-4.391054153442383,-9.988810539245605,1.2737408876419067
6500,-4.398237228393555,-9.991205215454102,1.2234617471694946
6541,-4.374294757843018,-9.98641586303711,0.41899374127388
6581,-4.357534885406494,-9.976839065551758,0.3902627229690552
6621,-4.3192267417907715,-9.943320274353027,0.3639259934425354
6661,-3.6177115440368652,-9.893040657043457,
6704,-3.6129231452941895,-9.148428916931152,
6705,,,0.29688698053359985
6741,-3.603346109390259,-9.146034240722656,-0.4118109941482544
6781,-3.593769073486328,-9.169977188110352,-0.40702247619628906
6822,-3.5817978382110596,-9.21307373046875,-0.3950512409210205
6862,-3.5794036388397217,-10.10852336883545,-0.371108740568161
6904,-3.600951910018921,-10.168378829956055,-0.33519497513771057
6941,-3.6344714164733887,-11.370292663574219,
6943,,,0.3806857466697693
6982,-3.6416540145874023,-11.418177604675293,0.4142052233219147
7022,-3.6081345081329346,-12.160395622253418,0.4142052233219147
7062,-3.574615001678467,-12.165184020996094,0.3806857466697693
7104,-3.5506725311279297,-12.160395622253418,0.32801222801208496
7142,-3.574615001678467,-12.153212547302246,-0.3639259934425354
7183,-3.577009439468384,-12.112510681152344,-0.371108740568161
7222,-3.5530667304992676,-11.1404447555542,
7224,,,-0.3902627229690552
7263,-3.5267300605773926,-10.324005126953125,-0.38547423481941223
7305,-3.493210554122925,-9.3495454788208,-0.36153173446655273
7343,-3.457296848297119,-8.4133939743042,-0.32801222801208496
7384,-3.428565740585327,-7.522733211517334,0.4261764883995056
7423,-3.430960178375244,-7.450905799865723,0.45490747690200806
7463,-3.4477198123931885,,
7464,,-6.251386642456055,0.4812442362308502
7505,-3.438142776489258,,
7506,,-7.295279502868652,0.4836384654045105
7544,-3.4764509201049805,-8.209882736206055,0.5291292071342468
7585,-3.4788451194763184,-8.23621940612793,0.550677478313446
7624,-3.5003933906555176,,
7625,,-9.100543975830078,0.543494701385498
7664,-3.543489933013916,-9.830790519714355,0.5243407487869263
7705,-3.577009439468384,-9.842761039733887,0.4932154715061188
7744,-3.5841920375823975,-9.826001167297363,
7745,,,-0.23942498862743378
7788,-3.598557710647583,-9.804452896118164,-0.25857898592948914
7824,-3.598557710647583,,
7825,,-9.768539428710938,-0.2609732449054718
7865,-3.569826602935791,-9.071812629699707,-0.26576173305511475
7905,-3.5530667304992676,-9.067024230957031,-0.2705502510070801
7945,-3.545884132385254,-9.067024230957031,-0.28012722730636597
7987,-3.543489933013916,-9.08617877960205,-0.28970423340797424
8025,-3.548278331756592,-9.131669044494629,-0.2849157452583313
8065,-3.569826602935791,,
8066,,-10.228235244750977,
8067,,,-0.2681559920310974
8105,-3.600951910018921,-10.292880058288574,
8106,,,-0.24181923270225525
8146,-3.620105743408203,-11.53549575805664,-0.20829974114894867
8188,-3.6081345081329346,-11.583380699157715,-0.17238599061965942
8226,-3.5506725311279297,-11.624083518981934,-0.14604924619197845
8266,-2.782118320465088,-11.662391662597656,-0.14126074314117432
8306,-2.801272392272949,-11.686333656311035,-0.1580204963684082
8347,-2.8132436275482178,-11.68154525756836,-0.16999174654483795
8386,-2.830003261566162,-11.631265640258789,-0.18435724079608917
8427,-2.832397699356079,-10.584979057312012,-0.1819629967212677
8467,-2.8228206634521484,-9.778116226196289,-0.16999174654483795
8507,-2.827609062194824,-8.95210075378418,-0.14604924619197845
8547,-2.8419747352600098,-8.205094337463379,-0.1029527485370636
8589,-2.856340169906616,-8.140449523925781,0.6799669861793518
8627,-2.889859676361084,-7.055854320526123,
8629,,,0.7206692099571228
8673,-2.9353504180908203,-7.012757778167725,1.5035889148712158
8707,-4.2665534019470215,-6.98642110824585,
8708,,,1.5610508918762207
8749,-4.331198215484619,-7.738215446472168,2.458894729614258
8788,-4.367111682891846,-7.788495063781738,2.4660773277282715
8827,-4.3719000816345215,,
8828,,-7.8100433349609375,2.430163621902466
8871,-4.412602424621582,-8.877878189086914,1.6185129880905151
8908,-5.207493305206299,-8.947311401367188,1.5682337284088135
8948,-5.200310707092285,-9.770934104919434,0.7781311869621277
8989,-5.1667914390563965,-9.790087699890137,0.7470059394836426
9029,-5.123694896697998,-9.811635971069336,0.7039094567298889
9073,-4.278524398803711,-9.811635971069336,-0.0023942498955875635
9108,-4.237822532653809,,
9109,,-9.790087699890137,-0.016759749501943588
9149,-3.521941661834717,-9.75417423248291,-0.055067747831344604
9189,-3.517153024673462,-9.708683013916016,
9191,,,-0.08619299530982971
9229,-3.5099704265594482,-9.00716781616211,-0.11971249431371689
9271,-3.5003933906555176,-9.021533966064453,-0.14844349026679993
9309,-3.4692680835723877,-9.043082237243652,-0.17238599061965942
9350,-3.4189889430999756,-9.076601028442383,-0.1819629967212677
9390,-3.409411907196045,-10.197110176086426,-0.20111699402332306
9430,-3.402229070663452,-10.261754989624023,
9431,,,-0.20351123809814453
9472,-3.3950462341308594,-11.317619323730469,-0.18675148487091064
9510,-3.3687095642089844,-11.34874439239502,-0.1747802495956421
9554,-3.330401659011841,-11.360715866088867,-0.1819629967212677
9590,-2.50917387008667,-11.372687339782715,-0.16999174654483795
9631,-2.475654363632202,,
9632,,-11.372687339782715,-0.1819629967212677
9671,-2.427769422531128,,
9672,,-11.322407722473145,-0.21069398522377014
9711,-2.4181923866271973,-10.414986610412598,-0.22505949437618256
9754,-2.4086153507232666,,
9755,,-10.374284744262695,-0.24181923270225525
9791,-2.401432752609253,-9.519537925720215,-0.24900199472904205
9831,-2.399038314819336,-9.476441383361816,-0.23224224150180817
9872,-2.4110095500946045,-9.428556442260742,-0.21548248827457428
9911,-2.4349522590637207,-8.564231872558594,-0.18675148487091064
9954,-2.4732601642608643,-8.54747200012207,-0.14844349026679993
9991,-3.1795637607574463,,
9992,,-8.509163856506348,0.5674372315406799
10032,-3.191534996032715,-7.659205436706543,0.6129279732704163
10072,-3.2322373390197754,-7.625685691833496,0.6560244560241699
10113,-4.0989556312561035,-7.62089729309082,1.7525908946990967
10155,-4.118109703063965,-8.38945198059082,1.788504719734192
10193,-4.1300811767578125,-8.449307441711426,1.7645621299743652
10232,-4.067830562591553,,
10233,,-8.480433464050293,1.7142828702926636
10273,-2.801272392272949,-9.42137336730957,0.46448448300361633
10313,-2.8132436275482178,-9.445316314697266,0.39983972907066345
10353,-2.8419747352600098,,
10354,,-9.47165298461914,-0.4501189887523651
10393,-2.8515515327453613,-9.49320125579834,-0.47166723012924194
10433,-2.8515515327453613,,
10434,,-9.512354850769043,-0.48842698335647583
10474,-2.8539459705352783,-9.521931648254395,-0.5075809955596924
10513,-2.8467631340026855,,
10514,,-9.52672004699707,-0.5315234661102295
10554,-2.834791898727417,-9.533903121948242,-0.5530717372894287
10595,-2.827609062194824,-9.538691520690918,-0.5770142078399658
10634,-2.8132436275482178,-9.541086196899414,-0.6201107501983643
10675,-2.808455228805542,-9.54826831817627,-0.6512359976768494
10715,-2.827609062194824,-9.557845115661621,-0.687149703502655
10755,-2.856340169906616,-9.57699966430664,-0.7182749509811401
10794,-2.8802826404571533,,
10795,,-9.608124732971191,-0.7302462458610535
10839,-2.9233791828155518,-10.508362770080566,-0.7374289631843567
10875,-3.6655964851379395,-10.563430786132812,-0.7063037157058716
10915,-2.8970422744750977,-11.446908950805664,-0.6895439624786377
10955,-2.8252148628234863,,
10956,,-11.509159088134766,-0.6967267394065857
10996,-1.9369481801986694,-12.452493667602539,-0.6656014919281006
11038,-1.972861886024475,-12.450098991394043,-0.639264702796936
11075,-1.989621639251709,-12.392637252807617,-0.6344762444496155
11116,-1.9991986751556396,-11.085376739501953,-0.6296877264976501
11155,-1.9944101572036743,,
11156,,-10.314428329467773,
11157,,,-0.6105337142944336
11196,-1.963284969329834,-9.54826831817627,-0.5889855027198792
11238,-1.9513136148452759,-9.483623504638672,-0.550677478313446
11276,-1.9848331212997437,-8.458885192871094,0.3974454700946808
11316,-2.7701470851898193,-8.427759170532227,0.4285707175731659
11356,-2.837186098098755,-8.408605575561523,1.1899422407150269
11396,-3.816434383392334,-8.406211853027344,1.2090961933135986
11436,-3.8547422885894775,-9.955290794372559,
11437,,,1.9824389219284058
11478,-3.837982654571533,-9.988810539245605,2.037506580352783
11516,-3.002389430999756,,
11517,,-9.998387336730957,1.9800447225570679
11557,-3.0095720291137695,-10.0343017578125,0.9457287192344666
11597,-3.052668571472168,-10.060638427734375,0.8954494595527649
11639,-3.047880172729492,-10.070215225219727,0.1580204963684082
11677,-3.0359089374542236,-10.077397346496582,0.13886649906635284
11718,-3.028726100921631,-10.06542682647705,0.11731824278831482
11757,-3.0335144996643066,-10.060638427734375,
11758,,,0.08619299530982971
11798,-3.0406973361968994,-10.058243751525879,0.057461999356746674
11839,-3.05027437210083,-10.041483879089355,0.028730999678373337
11878,-3.05027437210083,-10.027118682861328,0.0023942498955875635
11921,-3.0454859733581543,-10.022330284118652,-0.023942498490214348
11958,-3.0406973361968994,-10.019935607910156,-0.055067747831344604
11998,-3.0383031368255615,-10.041483879089355,
12000,,,-0.09337574243545532
12039,-3.052668571472168,-10.853135108947754,-0.12210674583911896
12078,-3.0861880779266357,-10.924962043762207,-0.13647224009037018
12121,-3.1197075843811035,-12.107721328735352,-0.12210674583911896
12158,-3.1532270908355713,-12.134057998657227,
12159,,,-0.11252974718809128
12199,-3.1771695613861084,-12.14842414855957,-0.10534699261188507
12240,-3.1675925254821777,-12.162789344787598,-0.09337574243545532
12279,-3.1173133850097656,-12.186732292175293,-0.10055849701166153
12320,-3.110130548477173,-12.184337615966797,-0.13886649906635284
12360,-3.136467456817627,-12.165184020996094,-0.16280899941921234
12400,-3.155621290206909,-12.11729907989502,-0.17956873774528503
12439,-3.16519832611084,-11.04467487335205,
12440,,,-0.18435724079608917
12480,-3.162804126739502,-10.2665433883667,-0.1747802495956421
12522,-3.1532270908355713,-9.292083740234375,
12523,,,-0.14126074314117432
12560,-3.1460442543029785,-8.355932235717773,-0.09576999396085739
12600,-3.1436500549316406,-7.551464080810547,0.6536301970481873
12641,-3.158015727996826,-7.482030868530273,0.687149703502655
12681,-3.189140796661377,,
12682,,-6.2825117111206055,1.4030303955078125
12722,-3.926569938659668,-6.248992443084717,1.4269729852676392
12761,-3.9936087131500244,-7.2354230880737305,1.4748579263687134
12801,-5.188339710235596,-8.02552604675293,
12802,,,1.4628866910934448
12842,-5.157214164733887,-8.00397777557373,1.4389442205429077
12882,-5.152425765991211,-8.05665111541748,1.3862706422805786
12921,-5.183550834655762,-9.445316314697266,0.5147637128829956
12961,-5.185945510864258,-9.47404670715332,0.4980039894580841
13006,-5.150031566619873,-9.49559497833252,0.4573017358779907
13041,-5.114117622375488,-9.529114723205566,
13042,,,0.4118109941482544
13082,-4.264159202575684,-9.541086196899414,0.3782914876937866
13121,-4.2066969871521,-9.531508445739746,
13123,,,0.3399834930896759
13162,-3.3088533878326416,-9.502778053283691,-0.36871448159217834
13206,-3.3088533878326416,-9.466863632202148,
13207,,,-0.38307997584342957
13242,-3.3040647506713867,-9.428556442260742,-0.3902627229690552
13284,-3.3064591884613037,-9.414190292358398,-0.3950512409210205
13324,-3.3375842571258545,-9.438133239746094,-0.3878684937953949
13363,-3.383074998855591,-10.199504852294922,
13364,,,-0.36871448159217834
13403,-4.211485385894775,-11.06861686706543,
13404,,,-0.33758923411369324
13442,-4.197120189666748,-11.83956527709961,
13443,,,0.40702247619628906
13483,-4.149235248565674,-11.894633293151855,0.4261764883995056
13523,-3.220266103744507,-11.935336112976074,0.4022339880466461
13564,-3.2082948684692383,-11.952095031738281,0.3639259934425354
13606,-3.2585740089416504,-11.959278106689453,0.32082948088645935
13644,-3.301670551300049,-11.937729835510254,0.28252148628234863
13683,-3.3184304237365723,,
13684,,-11.873085021972656,-0.4357534945011139
13724,-3.3160362243652344,-10.335976600646973,-0.42378222942352295
13764,-3.3088533878326416,,
13765,,-9.404613494873047,-0.3974454700946808
13806,-3.296882152557373,-8.51634693145752,-0.3567432463169098
13845,-3.292093515396118,-7.776523590087891,0.47166723012924194
13888,-3.299276351928711,-7.031911849975586,0.5075809955596924
13924,-3.3160362243652344,,
13925,,-6.967267036437988,1.2234617471694946
13965,-3.3615269660949707,-6.928959369659424,3.0071778297424316
14005,-4.771739959716797,-8.231431007385254,3.890655994415283
14045,-4.7837114334106445,-8.260162353515625,3.895444631576538
14085,-4.7525858879089355,-8.284104347229004,3.837982654571533
14125,-4.745403289794922,,
14126,,-9.438133239746094,2.5810012817382812
14166,-4.750191688537598,-9.486018180847168,1.829206943511963
14206,-4.733431816101074,-9.514749526977539,1.757379412651062
14245,-4.707095146179199,,
14246,,-9.541086196899414,
14247,,,0.591379702091217
14288,-4.6735758781433105,-9.550662994384766,0.5626487135887146
14326,-3.871502161026001,-9.533903121948242,0.5339177250862122
14366,-3.840376853942871,-9.500383377075195,0.5051867365837097
14406,-3.8236169815063477,-9.478835105895996,0.46448448300361633
14446,-3.811645746231079,-9.457286834716797,0.4285707175731659
14489,-3.8068573474884033,-9.462075233459473,0.4022339880466461
14527,-3.8260114192962646,-9.517143249511719,
14529,,,0.38307997584342957
14567,-3.845165252685547,-10.570612907409668,0.3806857466697693
14606,-3.8595309257507324,,
14607,,-11.322407722473145,0.38547423481941223
14647,-3.845165252685547,-11.37986946105957,0.4142052233219147
14688,-3.792491912841797,-12.229828834533691,0.4285707175731659
14727,-3.7470011711120605,-12.232222557067871,0.4118109941482544
14768,-3.7254528999328613,-12.232222557067871,0.38307997584342957
14808,-3.735029935836792,-12.217857360839844,0.3423777222633362
14847,-3.727847099304199,,
14848,,-12.153212547302246,0.3112524747848511
14888,-3.7230587005615234,-10.833980560302734,0.2873099744319916
14928,-3.708693027496338,-10.769335746765137,0.28012722730636597
14972,-3.67517352104187,-9.272930145263672,0.2777329981327057
15008,-3.648836851119995,-8.279315948486328,0.3112524747848511
15049,-3.624894380569458,-8.207489013671875,0.36153173446655273
15089,-3.6129231452941895,-6.967267036437988,1.2450098991394043
15128,-3.629682779312134,-6.921776294708252,1.2737408876419067
15171,-3.6679909229278564,,
15172,,-6.88107442855835,2.4876255989074707
15209,-3.7158758640289307,-8.217065811157227,3.2298431396484375
15249,-4.628085136413574,-8.262556076049805,3.2609684467315674
15289,-4.606536865234375,-8.293682098388672,3.248997211456299
15329,-4.587382793426514,-9.332786560058594,3.193929433822632
15370,-4.5921711921691895,-9.387853622436523,
15371,,,2.121305465698242
15410,-4.587382793426514,-9.414190292358398,2.0542664527893066
15449,-4.558651924133301,,
15450,,-9.411796569824219,0.8978437185287476
15490,-4.541892051696777,-9.414190292358398,0.8619299530982971
15530,-4.51794958114624,-9.407008171081543,0.8236219882965088
15570,-3.809251546859741,-9.395036697387695,0.7877082228660583
15610,-3.7733378410339355,-9.387853622436523,0.07661599665880203
15651,-3.735029935836792,-9.383065223693848,0.06225049868226051
15691,-3.703904628753662,-9.39024829864502,0.040702249854803085
15731,-2.865917205810547,-9.3926420211792,0.023942498490214348
15771,-2.858734369277954,-9.414190292358398,-0.0023942498955875635
15810,-2.8802826404571533,,
15811,,-10.151619911193848,-0.028730999678373337
15851,-2.9042251110076904,-10.201898574829102,-0.052673496305942535
15891,-2.940138816833496,-11.305647850036621,-0.047884996980428696
15931,-2.96647572517395,-11.355927467346191,-0.016759749501943588
15973,-2.9521100521087646,-12.143635749816895,0.009576999582350254
16011,-2.9257733821868896,,
16012,,-12.146029472351074,-0.011971249245107174
16056,-2.937744617462158,-12.124481201171875,-0.045490749180316925
16091,-2.971264123916626,,
16092,,-12.100539207458496,-0.08140449970960617
16132,-2.9904181957244873,-12.050259590148926,-0.10055849701166153
16173,-3.0047836303710938,-10.855528831481934,-0.11971249431371689
16212,-3.0047836303710938,-10.132465362548828,
16213,,,-0.11492399871349335
16254,-2.999995231628418,,
16255,,-9.387853622436523,-0.09576999396085739
16292,-3.002389430999756,-8.576203346252441,-0.050279248505830765
16332,-3.0119664669036865,-8.506770133972168,0.8068622350692749
16373,-3.026331901550293,-7.165989875793457,0.8403817415237427
16413,-3.05027437210083,-7.101345062255859,1.5706279277801514
16454,-3.076611042022705,-5.995201587677002,1.6017532348632812
16493,-3.1173133850097656,,
16494,,-7.424569129943848,1.5682337284088135
16533,-4.149235248565674,-7.486819267272949,1.565839409828186
16574,-4.142052173614502,-7.498790740966797,1.5562623739242554
16613,-4.161206245422363,-8.439730644226074,1.5155601501464844
16653,-4.201908588409424,-9.251381874084473,
16654,,,0.8068622350692749
16693,-4.216274261474609,-9.275323867797852,0.7733427286148071
16734,-4.192331790924072,-9.282506942749023,0.7230634689331055
16774,-4.165994644165039,-9.292083740234375,-0.1891457438468933
16815,-4.1300811767578125,-9.2872953414917,-0.20111699402332306
16854,-4.089378833770752,,
16855,,-9.260958671569824,-0.22027099132537842
16894,-3.3136417865753174,-9.237015724182129,-0.23942498862743378
16934,-3.299276351928711,-9.222650527954102,-0.25857898592948914
16974,-3.299276351928711,-9.237015724182129,-0.28252148628234863
17015,-3.3088533878326416,-9.2657470703125,-0.3112524747848511
17056,-3.3112475872039795,-9.31602668762207,-0.3328007459640503
17094,-3.3136417865753174,,
17095,,-10.431746482849121,-0.36871448159217834
17139,-3.3160362243652344,-10.493997573852539,-0.4022339880466461
17175,-3.330401659011841,-11.719853401184082,-0.41899374127388
17216,-3.3399786949157715,-11.76294994354248,-0.4022339880466461
17256,-3.328007459640503,-11.801258087158203,-0.3782914876937866
17296,-3.292093515396118,-11.841959953308105,-0.34477198123931885
17339,-2.5450875759124756,-12.58657169342041,-0.34477198123931885
17376,-2.592972755432129,-12.572206497192383,-0.3735029697418213
17416,-3.3112475872039795,,
17417,,-12.53629207611084,-0.3878684937953949
17457,-3.3160362243652344,,
17458,,-11.530707359313965,-0.39983972907066345
17496,-3.2873051166534424,-10.623287200927734,-0.3950512409210205
17540,-3.2513914108276367,-9.672769546508789,-0.3735029697418213
17576,-3.2298431396484375,-8.746194839477539,
17577,,,-0.3495604991912842
17617,-3.2035064697265625,-7.9201788902282715,-0.3160409927368164
17657,-3.193929433822632,-7.189932346343994,0.4261764883995056
17697,-3.189140796661377,,
17698,,-7.134864807128906,0.4740614891052246
17738,-3.2274489402770996,,
17739,,-7.180355548858643,0.4836384654045105
17777,-4.276130199432373,-8.609723091125488,0.42378222942352295
17817,-4.280918598175049,-8.648030281066895,-0.36153173446655273
17857,-4.288101673126221,-9.435738563537598,-0.38307997584342957
17898,-4.312044143676758,-10.199504852294922,
17899,,,-0.40702247619628906
17938,-4.321620941162109,-10.21387004852295,-0.42378222942352295
17978,-4.3192267417907715,-10.211475372314453,-0.4525132179260254
18019,-4.314438343048096,-10.197110176086426,-0.4812442362308502
18058,-4.30964994430542,-10.182744979858398,-0.502792477607727
18098,-4.304861545562744,,
18099,,-10.137253761291504,-0.5243407487869263
18139,-4.261765003204346,-9.251381874084473,-0.5339177250862122
18178,-4.225851058959961,-9.239410400390625,
18180,,,-0.5458889603614807
18220,-4.192331790924072,-9.239410400390625,-0.5650429725646973
18259,-4.177966117858887,-9.268141746520996,-0.5626487135887146
18299,-4.1851487159729,-10.070215225219727,-0.5339177250862122
18339,-4.189937114715576,-10.1181001663208,-0.4908212423324585
18379,-4.199514389038086,-11.135656356811523,0.24181923270225525
18423,-4.161206245422363,,
18424,,-11.188329696655273,0.24900199472904205
18459,-3.2513914108276367,-11.92096996307373,
18460,,,0.2466077357530594
18500,-3.2226603031158447,-11.94012451171875,0.2298479974269867
18540,-3.2082948684692383,-11.949701309204102,0.20111699402332306
18580,-3.2059006690979004,-11.94012451171875,0.18675148487091064
18623,-3.2035064697265625,-11.892239570617676,0.17956873774528503
18660,-3.2011120319366455,-10.89144229888916,0.1747802495956421
18700,-3.184352397918701,,
18701,,-10.113311767578125,0.1652032434940338
18740,-3.1723811626434326,-9.205890655517578,
18742,,,0.17717449367046356
18781,-3.158015727996826,-8.303258895874023,0.19632849097251892
18821,-3.138861656188965,-7.448511600494385,0.23224224150180817
18860,-3.1268904209136963,,
18861,,-6.687139987945557,1.086989402770996
18901,-3.1173133850097656,-6.632072448730469,1.1492398977279663
18941,-3.1149191856384277,-7.652022838592529,1.1468456983566284
18981,-3.162804126739502,-8.59775161743164,
18982,,,1.182759404182434
19022,-3.1771695613861084,-8.595356941223145,1.2019134759902954
19061,-3.193929433822632,-8.628876686096191,1.19712495803833
19103,-3.2250545024871826,-9.900223731994629,1.1707881689071655
19142,-3.2537856101989746,-9.93374252319336,1.1516342163085938
19181,-3.2633626461029053,,
19182,,-9.945713996887207,1.115720510482788
19224,-3.246602773666382,,
19225,,-9.945713996887207,1.0702296495437622
19262,-3.246602773666382,-9.93374252319336,0.24181923270225525
19306,-3.2082948684692383,-9.897829055786133,0.23224224150180817
19342,-3.158015727996826,-9.854732513427734,0.22027099132537842
19383,-2.401432752609253,-9.150822639465332,0.19393424689769745
19423,-2.396644115447998,-9.150822639465332,0.1508377492427826
19463,-2.399038314819336,-9.179553985595703,-0.5626487135887146
19506,-2.4325578212738037,-10.010358810424805,-0.5650429725646973
19543,-3.3711037635803223,,
19544,,-10.841163635253906,-0.5554659962654114
19583,-3.411806106567383,,
19584,,-11.73421859741211,-0.5219464898109436
19624,-3.411806106567383,-11.798863410949707,0.2298479974269867
19663,-3.3687095642089844,-12.802054405212402,0.2513962388038635
19706,-3.3351900577545166,-12.821208000183105,0.24900199472904205
19744,-3.3112475872039795,-12.79487133026123,0.23942498862743378
19783,-3.3136417865753174,,
19784,,-12.744592666625977,0.2130882441997528
19823,-3.299276351928711,,
19824,,-11.612112045288086,0.21069398522377014
19864,-3.2896993160247803,-11.542678833007812,
19865,,,0.2130882441997528
19907,-3.272939682006836,-10.180350303649902,
19908,,,0.22505949437618256
19944,-3.2561798095703125,-10.113311767578125,
19945,,,0.24900199472904205
19984,-3.2537856101989746,,
19985,,-8.82759952545166,0.2873099744319916
20025,-3.241814374923706,-8.765348434448242,1.1061434745788574
20065,-3.2370259761810303,,
20106,-3.239420175552368,-7.604137897491455,1.8651206493377686
20144,-3.265756845474243,,
20145,,-6.6631975173950195,
20146,,,1.8986401557922363
20187,-3.299276351928711,-6.622495174407959,1.9513136148452759
20225,-5.078204154968262,-6.6368608474731445,3.9864261150360107
20265,-5.104540824890137,,
20266,,-7.584983825683594,4.7837114334106445
20306,-5.087780952453613,-7.565829753875732,4.743009090423584
20345,-5.054261684417725,,
20346,,-7.596954822540283,3.5267300605773926
20386,-5.075809955596924,-8.695915222167969,3.462085247039795
20426,-5.073415756225586,-8.736618041992188,
20427,,,2.2697489261627197
20466,-5.054261684417725,-8.767743110656738,2.205104112625122
20506,-5.032713413238525,-8.80844497680664,1.0917779207229614
20546,-4.994405269622803,-8.82999324798584,1.0510756969451904
20589,-4.216274261474609,,
20590,,-8.846753120422363,0.27294448018074036
20626,-4.189937114715576,-8.858724594116211,0.24421349167823792
20667,-4.1564178466796875,-8.870696067810059,0.2059054970741272
20707,-4.110927104949951,-8.889849662780762,
20709,,,-0.5219464898109436
20747,-3.1987178325653076,-8.913792610168457,-0.550677478313446
20787,-3.1819581985473633,-8.942523002624512,-0.5770142078399658
20827,-3.155621290206909,-8.978437423706055,-0.6177164912223816
20868,-3.1149191856384277,-9.011956214904785,-1.3838764429092407
20908,-3.076611042022705,-9.75656795501709,-1.3934534788131714
20947,-3.047880172729492,-9.77572250366211,-1.3934534788131714
20990,-3.0430915355682373,-9.804452896118164,-1.4030303955078125
21027,-3.0718226432800293,,
21028,,-9.849944114685059,-1.4269729852676392
21068,-3.0957651138305664,-10.865105628967285,-1.431761384010315
21108,-3.105342149734497,-10.905808448791504,-1.4102132320404053
21148,-3.0646398067474365,-10.934538841247559,-1.37429940700531
21190,-2.1093342304229736,-10.975241661071777,
21191,,,-1.3407799005508423
21229,-2.0542664527893066,-11.94251823425293,-1.3216259479522705
21269,-2.018352746963501,-11.959278106689453,-1.292894959449768
21309,-2.020746946334839,-11.949701309204102,-1.278529405593872
21349,-2.0231411457061768,-11.906604766845703,-1.278529405593872
21391,-2.0231411457061768,-10.965664863586426,-1.268952488899231
21428,-1.9991986751556396,,
21429,,-10.905808448791504,-1.254586935043335
21472,-1.9584964513778687,-9.852338790893555,-1.2234617471694946
21509,-1.948919415473938,-9.811635971069336,-0.3328007459640503
21550,-1.9704676866531372,-9.766145706176758,-0.2920984923839569
21589,-1.9968043565750122,,
21590,,-8.806051254272461,-0.23942498862743378
21630,-2.758175849914551,-8.770137786865234,0.8284104466438293
21669,-2.8156378269195557,,
21670,,-8.746194839477539,0.8691127300262451
21710,-4.03909969329834,-8.75577163696289,1.7238599061965942
21751,-4.106138706207275,-8.760560035705566,1.757379412651062
21790,-4.134869575500488,-8.741406440734863,
21791,,,2.729444980621338
21830,-4.118109703063965,-8.772531509399414,
21831,,,2.7629644870758057
21870,-4.1013503074646,-9.746991157531738,2.722262144088745
21910,-3.0670340061187744,,
21911,,-9.763751029968262,2.7102909088134766
21951,-2.1093342304229736,-9.737414360046387,1.142057180404663
21991,-2.1452479362487793,-9.780510902404785,0.17956873774528503
22031,-2.1883444786071777,-9.816424369812012,0.1436549872159958
22072,-2.1883444786071777,-9.818819046020508,0.10055849701166153
22111,-2.1883444786071777,,
22112,,-9.823607444763184,-0.6632072329521179
22152,-2.2146811485290527,-9.835578918457031,-0.6656014919281006
22192,-2.2529890537261963,-9.833184242248535,-0.6656014919281006
22232,-2.291297197341919,-9.82839584350586,-0.6608129739761353
22273,-3.028726100921631,-9.814030647277832,-0.6608129739761353
22312,-3.0095720291137695,-9.792482376098633,-0.6608129739761353
22357,-2.9832353591918945,-9.792482376098633,-0.6679956912994385
22392,-2.9616870880126953,-9.814030647277832,
22393,,,-0.6775727272033691
22433,-2.9521100521087646,-9.845155715942383,-0.6799669861793518
22472,-2.9616870880126953,-9.888252258300781,-0.6799669861793518
22512,-2.9760525226593018,-9.924165725708008,
22513,,,-0.6991209983825684
22556,-2.995206594467163,-10.94172191619873,-0.7086979746818542
22592,-2.9904181957244873,-10.9920015335083,-0.7015151977539062
22633,-2.9497158527374268,-11.794075012207031,-0.6799669861793518
22673,-2.1165168285369873,-11.849143028259277,-0.6632072329521179
22713,-2.068631887435913,-12.622485160827637,
22714,,,-0.646447479724884
22756,-2.0806031227111816,-12.598543167114258,-0.6679956912994385
22793,-2.099757194519043,-12.548263549804688,
22794,,,-0.6823612451553345
22834,-2.1380650997161865,-11.480428695678711,-0.6847554445266724
22874,-2.1644020080566406,-11.413389205932617,-0.6775727272033691
22913,-2.176373243331909,,
22914,,-9.90980052947998,-0.6584187150001526
22957,-2.212286949157715,-9.114909172058105,-0.6248992085456848
22994,-2.2458064556121826,-9.043082237243652,0.08619299530982971
23034,-2.2817201614379883,-7.762158393859863,0.12928949296474457
23074,-3.083793878555298,-7.6999077796936035,0.9098149538040161
23114,-3.1197075843811035,-6.665591716766357,0.9529114365577698
23156,-3.16519832611084,-6.639255046844482,1.678369164466858
23195,-4.407814025878906,-6.65362024307251,2.401432752609253
23235,-4.47724723815918,-7.764552593231201,
23236,,,2.4086153507232666
23275,-5.178762435913086,-7.822014331817627,2.4181923866271973
23315,-5.150031566619873,-8.564231872558594,2.403826951980591
23355,-5.142848968505859,-8.626482009887695,2.341576337814331
23395,-5.142848968505859,-9.749385833740234,1.295289158821106
23437,-5.114117622375488,-9.763751029968262,1.2593754529953003
23476,-5.097358226776123,-9.778116226196289,
23477,,,0.38547423481941223
23516,-5.073415756225586,,
23517,,-9.780510902404785,0.3495604991912842
23556,-5.023136138916016,-9.758962631225586,0.2992812395095825
23596,-4.118109703063965,,
23597,,-9.725442886352539,-0.543494701385498
23640,-4.0989556312561035,-9.696712493896484,-0.550677478313446
23676,-4.060647964477539,-9.660798072814941,-0.5626487135887146
23716,-4.024734020233154,-9.639249801635742,-0.5794084668159485
23757,-3.981637477874756,-9.641644477844238,-0.598562479019165
23796,-3.1532270908355713,,
23797,,-9.64882755279541,-0.6201107501983643
23839,-3.1532270908355713,-9.687134742736816,-0.6272934675216675
23877,-3.1747753620147705,-10.587372779846191,-0.6296877264976501
23917,-3.215477705001831,-11.387052536010742,-0.6225049495697021
23957,-3.2537856101989746,-11.427754402160645,
23958,,,-0.6153222322463989
23998,-3.2849109172821045,-12.189126014709473,-0.6105337142944336
24041,-3.2873051166534424,-12.20109748840332,-0.5626487135887146
24077,-3.268151044845581,-12.20109748840332,-0.5387062430381775
24118,-3.2585740089416504,-12.203492164611816,-0.5243407487869263
24158,-3.2633626461029053,-12.20109748840332,-0.5363119840621948
24198,-3.3040647506713867,-12.184337615966797,-0.5387062430381775
24240,-3.323218822479248,,
24241,,-12.134057998657227,-0.5458889603614807
24278,-3.330401659011841,,
24279,,-11.018338203430176,-0.5482832193374634
24319,-3.3184304237365723,-10.290486335754395,-0.5315234661102295
24358,-3.3064591884613037,,
24359,,-9.486018180847168,-0.5003982186317444
24399,-3.3040647506713867,-8.719858169555664,
24400,,,-0.45490747690200806
24439,-3.2896993160247803,-7.936938285827637,0.5530717372894287
24479,-3.292093515396118,-7.865110874176025,0.6009567379951477
24520,-3.3136417865753174,-6.706294059753418,1.40542471408844
24559,-3.3711037635803223,-6.737419128417969,
24560,,,1.4341557025909424
24599,-4.697518348693848,,
24600,,-8.633665084838867,1.3766937255859375
24640,-4.714278221130371,-8.669578552246094,0.5770142078399658
24679,-4.723855018615723,-9.502778053283691,0.5363119840621948
24724,-4.743009090423584,-9.574604988098145,0.48603272438049316
24760,-4.738220691680908,-10.405409812927246,-0.37589722871780396
24800,-4.702306747436523,-10.393438339233398,-0.3902627229690552
24840,-4.654421806335449,-10.367101669311523,-0.4022339880466461
24880,-3.926569938659668,-10.31682300567627,
24881,,,-0.4118109941482544
24924,-3.897838830947876,-9.325603485107422,
24925,,,-0.43096497654914856
24960,-3.869107723236084,-9.304055213928223,-0.4453304708003998
25001,-3.8499538898468018,-9.292083740234375,-0.4596959948539734
25041,-3.835588216781616,-9.29687213897705,-0.4764557182788849
25081,-3.809251546859741,-9.31842041015625,-0.48842698335647583
25123,-3.7996745109558105,-9.373488426208496,-0.4908212423324585
25161,-3.8236169815063477,-10.719057083129883,
25162,,,-0.4740614891052246
25202,-3.8571364879608154,-11.511553764343262,-0.44772472977638245
25242,-3.871502161026001,-11.564227104187012,-0.4022339880466461
25282,-3.8523480892181396,-12.368695259094238,0.3543489873409271
25321,-3.8068573474884033,,
25322,,-12.37827205657959,0.3423777222633362
25362,-3.785309076309204,-12.366300582885742,0.2992812395095825
25402,-3.7805206775665283,-12.351935386657715,-0.4525132179260254
25442,-3.7517895698547363,-12.318415641784668,-0.4429362416267395
25482,-3.7182700634002686,-11.439725875854492,
25484,,,-0.4429362416267395
25523,-3.0119664669036865,-11.370292663574219,-0.4285707175731659
25562,-2.9880237579345703,-9.85952091217041,-0.4022339880466461
25602,-2.9808411598205566,,
25603,,-9.090967178344727,-0.371108740568161
25642,-2.9808411598205566,-8.322412490844727,
25643,,,-0.3256179988384247
25683,-2.9904181957244873,,
25684,,-7.477242469787598,0.466878741979599
25723,-3.0143606662750244,-6.749390602111816,
25724,,,0.5003982186317444
25763,-3.0646398067474365,-6.70389986038208,1.3312029838562012
25806,-4.225851058959961,-6.790092468261719,1.347962737083435
25843,-4.2928900718688965,-8.382268905639648,1.3264144659042358
25884,-4.312044143676758,-8.382268905639648,1.2976834774017334
25923,-4.347957611083984,,
25924,,-8.434942245483398,0.5722257494926453
25964,-5.054261684417725,-9.732625961303711,0.5315234661102295
26008,-5.051867485046387,-9.758962631225586,0.4836384654045105
26044,-5.013559341430664,-9.766145706176758,-0.43096497654914856
26084,-4.960886001586914,-9.770934104919434,-0.44054198265075684
26124,-4.139657974243164,,
26125,,-9.761356353759766,-0.4501189887523651
26164,-4.086984634399414,-9.732625961303711,-0.46448448300361633
26207,-3.292093515396118,-9.694317817687988,-0.47884997725486755
26244,-3.294487953186035,-9.663192749023438,-0.49560973048210144
26285,-3.296882152557373,-9.646432876586914,-0.5123694539070129
26326,-3.294487953186035,-9.64882755279541,-0.5243407487869263
26365,-3.2777280807495117,-9.670374870300293,-0.5315234661102295
26405,-3.270545244216919,-9.711077690124512,-0.5363119840621948
26446,-3.2801222801208496,-10.704690933227539,-0.5291292071342468
26486,-3.3088533878326416,-11.523524284362793,
26489,,,-0.5075809955596924
26526,-3.330401659011841,-11.573803901672363,-0.4692729711532593
26566,-3.328007459640503,-12.313627243041992,-0.4333592355251312
26607,-3.3088533878326416,-12.316021919250488,-0.4142052233219147
26646,-3.3136417865753174,-12.308838844299316,-0.42378222942352295
26690,-3.32082462310791,-12.294473648071289,-0.4573017358779907
26726,-3.32082462310791,,
26727,,-12.25137710571289,-0.46448448300361633
26766,-3.3136417865753174,,
26767,,-11.339167594909668,
26806,-3.2896993160247803,,
26807,,-11.276917457580566,-0.4812442362308502
26847,-3.2609684467315674,-9.974445343017578,-0.4764557182788849
26889,-3.2370259761810303,,
26890,,-9.165188789367676,-0.4596959948539734
26926,-3.220266103744507,-9.093360900878906,-0.43814772367477417
26967,-3.2250545024871826,,
26968,,-7.750186920166016,-0.3950512409210205
27008,-3.2537856101989746,-7.68314790725708,0.47884997725486755
27047,-3.3088533878326416,-6.5003886222839355,0.5243407487869263
27090,-4.491612911224365,-6.533907890319824,1.972861886024475
27128,-5.396639347076416,-8.300864219665527,1.9944101572036743
27168,-5.389456748962402,-8.310441017150879,1.9944101572036743
27208,-5.3559370040893555,-8.331989288330078,1.9561021327972412
27248,-5.343965530395508,-9.378276824951172,1.1444514989852905
27290,-5.324811935424805,-9.414190292358398,1.101354956626892
27328,-5.2721381187438965,-9.438133239746094,0.31364673376083374
27368,-4.276130199432373,-9.459681510925293,0.28012722730636597
27408,-4.24739933013916,-9.47165298461914,
27409,,,0.25618472695350647
27448,-4.201908588409424,-9.466863632202148,0.2298479974269867
27490,-3.3711037635803223,-9.452498435974121,0.2059054970741272
27529,-3.3639211654663086,,
27530,,-9.435738563537598,0.17238599061965942
27574,-3.3591325283050537,-9.423768043518066,0.12928949296474457
27609,-3.354344129562378,-9.426161766052246,-0.639264702796936
27649,-3.3375842571258545,-9.445316314697266,
27650,,,-0.639264702796936
27690,-3.32082462310791,-9.476441383361816,-0.6248992085456848
27729,-3.3399786949157715,-10.395833015441895,
27731,,,-0.6057451963424683
27773,-3.375892400741577,-11.1404447555542,-0.5746199488639832
27810,-3.3902578353881836,-11.197906494140625,0.23463648557662964
27850,-3.3734982013702393,-12.093356132507324,0.2537904977798462
27891,-3.347161293029785,-12.102932929992676,0.22745373845100403
27930,-3.330401659011841,-12.100539207458496,0.17717449367046356
27973,-3.3423728942871094,-12.088567733764648,
27974,,,-0.5195522308349609
28010,-3.3375842571258545,,
28011,,-12.052654266357422,-0.5219464898109436
28050,-3.325613021850586,,
28051,,-11.22184944152832,-0.5267349481582642
28090,-3.3040647506713867,-11.154809951782227,
28091,,,-0.5147637128829956
28131,-3.2873051166534424,-9.749385833740234,-0.4908212423324585
28170,-3.275333881378174,,
28171,,-8.976042747497559,-0.4525132179260254
28211,-3.272939682006836,-8.197911262512207,0.28252148628234863
28251,-3.270545244216919,,
28252,,-7.405415058135986,0.32082948088645935
28291,-3.2873051166534424,,
28292,,-7.343164443969727,0.3735029697418213
28331,-3.3327958583831787,-6.466868877410889,2.0255353450775146
28372,-3.3734982013702393,-7.5370988845825195,2.09257435798645
28411,-3.409411907196045,-7.599349021911621,2.861128568649292
28452,-3.43574857711792,-8.540288925170898,2.8252148628234863
28491,-4.268947601318359,,
28492,,-8.609723091125488,1.9010344743728638
28532,-4.288101673126221,-9.797270774841309,1.8411781787872314
28573,-4.295284271240234,-9.818819046020508,0.8667184710502625
28612,-4.276130199432373,-9.833184242248535,0.8260161876678467
28653,-4.249793529510498,-9.835578918457031,0.782919704914093
28692,-4.221062660217285,-9.821212768554688,0.06703899800777435
28732,-4.175571918487549,,
28733,,-9.790087699890137,0.055067747831344604
28773,-3.4549026489257812,-9.75656795501709,0.033519499003887177
28813,-3.462085247039795,-9.725442886352539,0.014365499839186668
28855,-3.46687388420105,-9.711077690124512,-0.011971249245107174
28893,-3.457296848297119,-9.711077690124512,-0.028730999678373337
28934,-3.4453256130218506,-9.72304916381836,-0.038307998329401016
28973,-3.428565740585327,,
28974,,-9.737414360046387,-0.038307998329401016
29014,-3.4261715412139893,-9.787693977355957,-0.055067747831344604
29054,-3.430960178375244,-10.896231651306152,-0.057461999356746674
29094,-3.4213831424713135,-10.932145118713379,-0.031125249341130257
29135,-3.3974406719207764,-10.972846984863281,-0.014365499839186668
29174,-3.3447670936584473,-12.248982429504395,1.9513136148452759
29214,-2.564241647720337,-12.220251083374023,1.9513136148452759
29258,-2.5474817752838135,-12.184337615966797,1.10374915599823
29294,-2.533116340637207,-12.146029472351074,1.0822010040283203
29335,-2.5187509059906006,-11.252974510192871,1.0582584142684937
29375,-2.511568069458008,-11.200301170349121,
29376,,,1.0295274257659912
29415,-2.5211451053619385,-10.101340293884277,
29416,,,1.0175561904907227
29458,-2.5259337425231934,-10.043878555297852,1.0031907558441162
29496,-2.557058811187744,-9.105332374572754,1.0007964372634888
29536,-2.6097323894500732,-9.071812629699707,1.0031907558441162
29576,-3.3375842571258545,-8.02791976928711,1.01995050907135
29616,-3.354344129562378,-7.980034828186035,
29617,,,1.0414986610412598
29658,-3.402229070663452,-7.934544086456299,1.077412486076355
29696,-3.380680799484253,-7.005575180053711,
29697,,,2.7677528858184814
29737,-3.4189889430999756,-7.8627166748046875,2.7869069576263428
29776,-3.428565740585327,-7.881870746612549,2.7701470851898193
29816,-4.316832542419434,-9.220256805419922,
29817,,,1.989621639251709
29858,-4.3455634117126465,-9.280112266540527,1.9561021327972412
29896,-4.398237228393555,-10.216264724731445,
29897,,,1.2330386638641357
29937,-4.381477355957031,-10.211475372314453,1.2043076753616333
29977,-4.340775012969971,-10.211475372314453,
29978,,,1.1636054515838623
30017,-4.314438343048096,-10.228235244750977,0.4453304708003998
30058,-4.278524398803711,,
30059,,-10.2449951171875,0.4333592355251312
30097,-4.24739933013916,-10.26414966583252,0.4046282470226288
30143,-3.519547462463379,-10.261754989624023,0.3663202226161957
30177,-3.5099704265594482,-10.2234468460083,-0.38547423481941223
30217,-3.4788451194763184,-9.380671501159668,
30218,,,-1.1085376739501953
30257,-3.440537214279175,-9.373488426208496,-1.142057180404663
30298,-3.43574857711792,-9.409401893615723,-1.1923364400863647
30342,-3.459691047668457,-10.168378829956055,-1.213884711265564
30378,-3.5099704265594482,,
30379,,-10.228235244750977,-1.2497984170913696
30419,-3.4740564823150635,-10.268938064575195,-2.037506580352783
30458,-3.411806106567383,-11.43254280090332,-2.066237688064575
30498,-2.178767442703247,-11.446908950805664,-2.102151393890381
30541,-1.1276917457580566,-11.492399215698242,-2.1332767009735107
30578,-1.086989402770996,-12.299262046813965,-2.150036334991455
30619,-1.1252974271774292,-12.368695259094238,
